{
  "Total" : {
    "transaction" : "Total",
    "sampleCount" : 10,
    "errorCount" : 0,
    "errorPct" : 0.0,
    "meanResTime" : 241.9,
    "medianResTime" : 228.0,
    "minResTime" : 207.0,
    "maxResTime" : 296.0,
    "pct1ResTime" : 296.0,
    "pct2ResTime" : 296.0,
    "pct3ResTime" : 296.0,
    "throughput" : 10.615711252653927,
    "receivedKBytesPerSec" : 653.3908074575372,
    "sentKBytesPerSec" : 1.254395567940552
  },
  "HTTP Request" : {
    "transaction" : "HTTP Request",
    "sampleCount" : 10,
    "errorCount" : 0,
    "errorPct" : 0.0,
    "meanResTime" : 241.9,
    "medianResTime" : 228.0,
    "minResTime" : 207.0,
    "maxResTime" : 296.0,
    "pct1ResTime" : 296.0,
    "pct2ResTime" : 296.0,
    "pct3ResTime" : 296.0,
    "throughput" : 10.615711252653927,
    "receivedKBytesPerSec" : 653.3908074575372,
    "sentKBytesPerSec" : 1.254395567940552
  }
}